Transaction Hash,Label
0x00c503b595946bccaea3d58025b5f9b3726177bbdc9674e634244135282116c7,1
0x00c5a772a58b117f142b2cbc8721b80d145ef7a910043ad08439863d0e78e300,1
0x03d363462519029cf9a544d44046cad0c7e64c5fb1f2adf5dd5438a9a0d2ec8e,1
0x042b8dc879fa193acc79f55a02c08f276eaf1c4f7c66a33811fce2a4507cea63,1
0x04b166e7b4ab5105a8e9c85f08f6346de1c66368687215b0e0b58d6e5002bc32,1
0x04e16a79ff928db2fa88619cdd045cdfc7979a61d836c9c9e585b3d6f6d8bc31,1
0x051f80a7ef69e1ffad889ec7e1f7d29a9e80883156b5c8528438b5bb8b7a689a,1
0x055cec4fa4614836e54ea2e5cd3d14247ff3d61b85aa2a41f8cc876d131e0328,1
0x06d7e7436414c658a33452d28400799f3637e83930dcec39b3bd065dabc6ef04,1
0x0788ba222970c7c68a738b0e08fb197e669e61f9b226ceec4cab9b85abe8cceb,1
0x09cd1ee1ea50480b64176d36cf5565b00a7fb81dcaa3d2c89c3a9fdb601fbd0b,1
0x0ab12913f9232b27b0664cd2d50e482ad6aa896aeb811b53081712f42d54c026,1
0x0af5a6d2d8b49f68dcfd4599a0e767450e76e08a5aeba9b3d534a604d308e60b,1
0x0d13a61e9dc81cfae324d3d80e49830d9bbae300f760e016a15600889a896a1b,1
0x0e14cb7eabeeb2a819c52f313c986a877c1fa19824e899d1b91875c11ba053b0,1
0x0e29dcf4e9b211a811caf00fc8294024867bffe4ab2819cc1625d2e9d62390af,1
0x0e970ed84424d8ea51f6460ce6105ab68441d4450a80bc8d749fdf01e504ed8c,1
0x104e7743c35a1166e89847537e6851a5f3a9c214560aae387bfdf3dafac8e767,0
0x10d138748e0a804e8488f4fbb534c2b46714a769fd676d291ee8f34eabd86a08,0
0x10d50cb34591c05a11d6cf78360d2dfad833b223add4be2f03214eaae23e0b5,0
0x10f2c28f5d6cd8d7b56210b4d5e0cece27e45a30808cd3d3443c05d4275bb008,1
0x1147b3c0f3ebdd524c4e58430bb736eba9f7fa522158f5ad81eb3e2394b466d0,1
0x1194e1d6085885ce054a7ff8cd3cd0c3fa308ec87e4ccde8dd0549842fef4f1b,1
0x11aa33cf560a880cdc88785306d3f266aab0f22dd7ded7ddc99480ec89e9d634,0
0x11c1ef2c61f5a2e41d570a1547d2d891bf916853ddd94e32097e86bcdd21cb4c,1
0x1266a937c2ccd970e5d7929021eed3ec593a95c68a99b4920c2efa226679b430,1
0x126e68dc0494d6b25f264d80e15759e150a3d9e8554070410c6c7a40745bd5b,0
0x1274231abed4027756ee222b27888bccfe0049425ebb4a0b0ce0e1d1ff74fb,0
0x12e8c24dec36a29fdd9b9d7a8b587b3abd2519089b6438c194e6e5eb357b68d8,1
0x12f27e81e54684146ec50973ea94881c535887c2e2f30911b3402a55d67d121d,1
0x12fe79f1de8aed0ba947cec4dce5d33368d649903cb45a5d3e915cc459e751fc,0
0x1350cc72865420ba5d3c27234fd4665ad25c021b0a75ba03bc8340a1b1f98a45,1
0x138daa4cbeaa3db42eefcec26e234fc2c89a4aa17d6b1870fc460b2856fd11a6,0
0x13c40ae677419fe0031d1e719169e59b8865eb36d37637884eb6086244c767b7,0
0x13e75878a21af9a9b2207f5d9e18f19a43083a9ffbac36df5a7d4d67a52c164f,1
0x14541f80c70fbb2f9d8e6013e7f059fb4dcf1566a652ecaa599d0df856068247,0
0x146586f05a4513136deab3557ad15df8f77ffbcdbd0dd0724bc66dbeab98a962,1
0x1561686674c190eabe561b13ff3c98e4bb6465ed71cb10bb7357533873766d27,0
0x15ab671c9bf918fa4b6a9eed9ccb527f32aca40e926ede2aec2c84dfa9c30512,1
0x16be4fe1c8fcab578fcb999cbc40885ba0d4ba9f3782a67bd215fb56dc579062,1
0x171072422efb5cd461546bfe986017d9b5aa427ff1c07ebe8acc064b13a7b7be,1
0x1711e8674da7ef1383cf18421e3280a06578d2aad815b4db85b04e46248bc1e4,0
0x1751268e620767ff117c5c280e9214389b7c1961c42e77fc704fd88e22f4f77a,1
0x181a7882aac0eab1036eedba25bc95a16e10f61b5df2e99d240a16c334b9b189,1
0x189a8dc1e0fea34fd7f5fa78c6e9bdf099a8d575ff5c557fa30d90c6acd0b29f,1
0x18bbf485b63268bb34fb8da5d9993ec5f2df21d89e168871358f4d8529e435b0,0
0x18d484899ac5ef555e51428d65ed4e0d9a1160121b6f514fa1ed41e9d4dec3d9,0
0x18e27c1e193fd32dfd792d3cdb1adb8ccea5136682b3d1897ca3d2caadd03b3b,0
0x191a34e6c0780c3d1ab5c9bc04948e231d742b7d88e0e4f85568d57fcdc03182,1
0x19a0f31c7ff09cd37f0d63e6f02b15045c2e99b6f5dfd7dad089ca597d9c79ad,0
0x1a15c60736805e6aede35515bac66f3ac3fcf4e7a31aea8a0e7c3685bcec1430,0
0x1a31cb6f417d30fe8769328b3412bfb0d70247a82009ef28dfab5730c82acd05,1
0x1abab4c8db9a30e703114528e31dee129a3a758f7f8abc3b6494aad3d304e43f,1
0x1b2d836049713075b8e46076331332d0bfe8ecfa5dfa94f1c5b0b70700e68d53,1
0x1bbe86798aaadd6264bb0c931578a0055d114a4f32fc1aa9fca30ea824379ba7,0
0x1c024753da9cf244902600ea2283b9e99f0dd43fdaeee21747e9d22aa24c66a7,0
0x1c5272ce35338c57c6b9ea710a09766a17bbf14b61438940c3072ed49bfec402,1
0x1ce7e9a9e3b6dd3293c9067221ac3260858ce119ecb7ca860eac28b2474c7c9b,1
0x1e1a86ae4440ded3fa49ff73e44ff1acf3e1d93f4f7d7f406d1e24f4c7c7dd59,0
0x1eeef7b9a12b13f82ba04a7951c163eb566aa048050d6e9318b725d7bcec6bfa,1
0x1f18b5160ac2993802cded99b0c5b21ab8d6925c6db3765ec194d3c54109f63c,0
0x1fe5a53405d00ce2f3e15b214c7486c69cbc5bf165cf9596e86f797f62e81914,0
0x1fea385acf7ff046d928d4041db017e1d7ead66727ce7aacb3296b9d485d4a26,1
0x2040a481c933b50ee31aba257c2041c48bb7a0b4bf4b4fad1ac165f19c4269e8,1
0x2083b43536ce93725fadaf9f4bac7a3a9b1700b050dbacc4aa7425208275196d,0
0x2094a0722457b9c9c05a9594a5fa8a000eb2f214e60e93aeac9bab922e5c3885,0
0x20ecd8310a2cc7f7774aa5a045c8a99ad84a8451d6650f24e0911e9f4355b13a,1
0x210071108f3e5cd24f49ef4b8bcdc11804984b0c0334e18a9a2cdb4cd5186067,1
0x21748d14991113c8fbe0b044fd8378db7a87cb24fb0a0a4096c750f3c36c8d1c,0
0x21e9d20b57f6ae60dac23466c8395d47f42dc24628e5a31f224567a2b4effa88,1
0x22aef85b7ad7674ad8a5d89cf4e01c4368910c40493a596314fb2a69756b0c1a,0
0x23fcf9d4517f7cc39815b09b0a80c023ab2c8196c826c93b4100f2e26b701286,1
0x24093121db8496d0396445efe9bf69168be7896bf11de9c09e19460c94673648,0
0x242a0fb4fde9de0dc2fd42e8db743cbc197ffa2bf6a036ba0bba303df296408b,1
0x247e61bd0f41f9ec56a99558e9bbb8210d6375c2ed6efa4663ee6a960349b46d,1
0x247f4b3dbde9d8ab95c9766588d80f8dae835129225775ebd05a6dd2c69cd79f,1
0x2490368b43951caa8bf6f730bf0aaa0bcc2657d6f64fdcc3b0372b6500d0dcfc,1
0x24a2fbb27d433d91372525954f0d7d1af7509547b9ada29cc6c078e732c6d075,1
0x24c64648ab24db3304f8f0927b7e2254f5eb6091edd767c5e8c7d27a2a42bc38,0
0x24dbb2171ae17278d17d185712d2d57a48d1ec5fefa0f5a8c68366c60e2cf33c,0
0x24f114c0ef65d39e0988d164e052ce8052fe4a4fd303399a8c1bb855e8da01e9,1
0x25677d67e8b4fdecc0b48f09ae4145ac1a813921f555b57d830bbe0f78b235a9,0
0x256979ae169abb7fbbbbc14188742f4b9debf48b48ad5b5207cadcc99ccb493b,1
0x25e2af0a55581d5629a933af9fedd3c70e6d0c320f0b72700ca80e5cdd36c80b,1
0x2606d459a50ca4920722a111745c2eeced1d8a01ff25ee762e22d5d4b1595739,0
0x262dcd0470d24dd676da43804b48a368b33bbf1817fc289808a1520362e99fcf,0
0x269426084ec3a418b65abfa872cf07e4e7fd8d64442c75dec64223b292c0494,0
0x26a83db7e28838dd9fee6fb7314ae58dcc6aee9a20bf224c386ff5e80f7e4cf2,1
0x26e263447afc1b5a818a77a10bd30d8070f8d660760b4d52e65939f0e74a68c5,0
0x27e3c2da2ffd2f273326c2643979d5852dddedaa9324b0ba7454a6d1ab13ad50,0
0x2881e839d4d562fad5356183e4f6a9d427ba6f475614ce8ef64dbfe557a4a2cc,1
0x2891b40f8504c5678845da285c7f48a10a50ac1e0083016df6dd7a06dc4a5a54,0
0x2972f75d5926f8f948ab6a0cabc517a05f0da5b53e20f670591afbaa501aa436,1
0x29e5496c3e79d2b6f854530f1b95aa78ca38b1bc8d9da4f61614f41857b7e520,0
0x2a027c8b915c3737942f512fc5d26fd15752d0332353b3059de771a35a606c2d,0
0x2a77ef7833208590ff31f1f150ab1df0ffca7eb55d3dd570e3ecfb84f2a3736,0
0x2abf871eb91d03bc8145bf2a415e79132a103ae9f2b5bbf18b8342ea9207ccd7,1
0x2ae241016e4e50177c5319072f3dc67ba68080d80427d23079a8d706878606de,0
0x2aec4fdb2a09ad4269a410f2c770737626fb62c54e0fa8ac25e8582d4b690cca,0
0x2b251e456c434992b9ac7ec56dc166550c4cd7db3adefbf7eb3ab91cef55f9bf,1
0x2b32972bacac11262588a2d7d72a440478a09359c3380a9efa1d9d1b19b6209e,0
0x2b4a5a91ccb7775da1545c5c0c2459c123d2c8062c8f1a9b8ddd3a0eaca65de3,0
0x2b6d0af0dc513a15e325703405739057f9de6ef3f99934b957653b8a3fade4c6,0
0x2c049ea1620e61243174b9e1573e64655d55ff8d93508e76e2c640bbe8216fd0,0
0x2c9f87e285026601a2c8903cf5f10e5b3655fbd0264490c41514ce073c42a9c3,1
0x2dcce25bd50ddec3f4e0e246c344b4b4cfd176d792b96d4583495c10c8f2dc2a,0
0x2e7dc8b2fb7e25fd00ed9565dcc0ad4546363171d5e00f196d48103983ae477c,0
0x2e832f044b4a0a0b8d38166fe4d781ab330b05b9efa9e72a7a0895f1b984084b,1
0x2ed100b882f20e19e927358e15a5f1903f7cdf7ddd71eeb99c0a2c9eb88b46e4,0
0x2f328016764ecf1f57fda0f5490087a5ddba83706b51cf518bdbd7e65ae2383b,1
0x2fcee04e64e54f3dd9c15db9ae44e4cbdd57ab4c6f01941a3acf470dc60bfc16,1
0x311ef97ba0751956fb58ba09096a8e185fb439c5126ff5882ade352ff930fd5c,0
0x31262f15a5b82999bf8d9d0f7e58dcb1656108e6031a2797b612216a95e1670e,1
0x313d23bdd9277717e3088f32c976479c09d4b8a94d5d94deb835d157fd0850ce,1
0x316c35d483b72700e6f4984650d217304146b3732bb148e32fa7f8017843eb24,1
0x31b25bdbb7ca34ab52d56035e179a4dfc9fd7bafeaecc065580a982c252bc4db,0
0x31e5c9a15ce5697c9680cfdeaf5eda60379923d751d3b5eb685b28448d083f97,0
0x323c7c30c64d9e428aa53ce5babda1a180fba0e4a87f500df83087d49069f046,0
0x325999373f1aae98db2d89662ff1afbe0c842736f7564d16a7b52bf5c777d3a4,1
0x32bdd500001afc4a6af5c58d9835cb499ef72d87c07b0ca6df659df3c8eccc50,0
0x33479bcfbc792aa0f8103ab0d7a3784788b5b0e1467c81ffbed1b7682660b4fa,1
0x3385402843e68f79f864da9271e291ddaf29bd05688f85a2bb6c9c799e0a7d90,0
0x33e48143c6ea17476eeabfa202d8034190ea3f2280b643e2570c54265fe33c98,1
0x33f19229b5382854e63b4d2d2d82164fcdc5b13a01505ea0d5d2df7e7574ab25,0
0x33f6adf410bbd0ae08b0cd44410de1e5b28e516434567113982fcac36ed9e1a4,1
0x33fdc4dcc23065f894a16948906e9aca13b3e4a7db6f75021f6dc3fcfd46261e,0
0x3428310c7c9364d66af5b652d7858053b431ceeaf8123f4822c791034252586b,0
0x346f65ac333eb6d69886f5614aaf569a561a53a8d93db4384bd7c0bec15ae9f6,1
0x34ba0b082bab868d1a234e8326a1c84a7f33c03c6071a7463f1c24ad555359a1,0
0x35a73969f582872c25c96c48d8bb31c23eab8a49c19282c67509b96186734e60,1
0x35ecf595864400696853c53edf3e3d60096639b6071cadea6076c9c6ceb921c1,1
0x35f50851c3b754b4565dc3e69af8f9bdb6555edecc84cf0badf8c1e8141d902d,1
0x365969e632a80ab9e338c1d2cf8463db48e0022f8029ed7c02fffeb096840ced,0
0x3713f92fd61258202f6f9246effa8f69fa7bdd74d3e58c0f5478fff2fc78332,0
0x37cb8626e45f0749296ef080acb218e5ccc7efb2ae4d39c952566dc378ca1c4c,1
0x37f46c094aa7e7890b06128094692029d8dd653ff2320b811ba957b2b36e3a44,0
0x3826539e3cee72c71f6fa700410e847a4c2d7bc5d4b361ca841dbfa6e5bf0b61,0
0x38e5465f09999c815adc3a5e878ec62fb669abed0144323401481c7b1f4cc376,0
0x397a09af6494c0bfcd89e010f5dd65d90f3ee1cf1ff813ce5b0c1d42a1c8dec9,1
0x39b7bc488bd1c46231edf7cc1d2c63cab448ce3be3c340a1ffa5d6129e64d692,0
0x3a2aa513b1ea6f098249a4ebaa092504f8b2d2273f31b5c0bb0dbdd84897676e,0
0x3a3683119e1801821faa15c319cb9c8fb3fcf6ee92b1904a829d82c432e09a44,1
0x3ab78068a52e0628adb4f4b43b36fb6246625ec30b654fb5aff710774d506a98,0
0x3ad998a01ad1f1bbe6dba6a08e658c1749dabfa4a07da20ded3c73bcd6970d20,1
0x3b10c941dfdcf43fc2a8aeca958794eced38912538f80cca4279ba5d31c913c6,0
0x3b19e152943f31fe0830b67315ddc89be9a066dc89174256e17bc8c2d35b5af8,1
0x3b214f07205be5243543c77e7087e1a4974e3ffa0e28daa9e7fda5ed5d3aeb09,0
0x3b4323b20c6ce4713bd7306a37d3396475aa4394f397e9984e603bbad1a695cb,0
0x3b472f87431a52082bae7d8524b4e0af3cf930a105646259e1249f2218525607,1
0x3b9e18a4f7b4ac0fef8c619c93ac4e2d7fad2db8c5024a7880f9a5d12c60dab7,0
0x3bbb15f9852c389e8d77399fe88b49b042d0f22aad4a33c979fbabc60a34b24f,0
0x3c09c6306b67737227edc24c663462d870e7c2bf39e9ab66877a980c900dd5d5,0
0x3c152d73b75f654a6ba4676a706abf0ad9416bd4ea09911e31a8ab765121364,0
0x3c6e053faecd331883641c1d23c9d9d37d065e4f9c4086e94a3c34bf8702618a,1
0x3d163bfbec5686d428a6d43e45e2626a220cc4fcfac7620c620b82c1f2537c78,1
0x3d5c15fe152403f42c4840145c92b04fc863ba8b35828419f91773c956480fe,0
0x3d6367de5c191204b44b8a5cf975f257472087a9aadc59b5d744ffdef33a520e,1
0x3dcb26a1f49eb4d02ca29960b4833bfb2e83d7b5d9591aed1204168944c8c9b3,1
0x3ddf58d29dce9c6c8e7e181d239eedb1dfcba2ae9c0976ddacf2e8a6355003bb,0
0x3ed75df83d907412af874b7998d911fdf990704da87c2b1a8cf95ca5d21504cf,1
0x3ee23c1585474eaa4f976313cafbc09461abb781d263547c8397788c68a00160,1
0x3f1973fe56de5ecd59a815d3b14741cf48385903b0ccfe248f7f10c2765061f7,1
0x3fe3a1883f0ae263a260f7d3e9b462468f4f83c2c88bb89d1dee5d7d24262b51,1
0x40e42b071b63a197aa76a23e6d43868388626ee116a9300bdd30d0c2bb98a893,0
0x40f3bdd0a3a8d0476ae6aa2875dc2ec60b80812e2a394b67a88260df57c65522,1
0x40fefd3e5e3626bd74610552fad4d98782bd51ecd5f66937a20c0a9788e681fd,0
0x415a6d84f36e2fa1bdd52c3a647741499ce5238a177be6b5190c2629d12fd10c,0
0x416c85a9e6ac3ea34412b71da26b7e9fd4faa63e1472be8be033dc36f2ca4d28,0
0x41853747231dcf01017cf419e6e4aa86757e59479964bafdce0921d3e616cc67,1
0x41af9c3f27ac96d2a81852e4c798cb4bab6517e579ef3496b0c880447a132c7c,0
0x422e7b0a449deba30bfe922b5c34282efbdbf860205ff04b14fd8129c5b91433,1
0x42b2ec27c732100dd9037c76da415e10329ea41598de453bb0c0c9ea7ce0d8e5,1
0x42f56d3e86fb47e1edffa59222b33b73e7407d4b5bb05e23b83cb1771790f6c1,1
0x4353a6d37e95a0844f511f0ea9300ef3081130b24f0cf7a4bd1cae26ec393101,1
0x43e3b1db29497174282dc1250e88b327c98ed905e1f45d4c09ac17481607dbab,0
0x4425f757715e23d392cda666bc0492d9e5d5848ff89851a1821eab5ed12bb867,1
0x44a0f5650a038ab522087c02f734b80e6c748afb207995e757ed67ca037a5eda,1
0x44aad3b853866468161735496a5d9cc961ce5aa872924c5d78673076b1cd95aa,1
0x45c0ccfd3ca1b4a937feebcb0f5a166c409c9e403070808835d41da40732db96,1
0x4643b63dcbfc385b8ab8c86cbc46da18c2e43d277de3e5bc3b4516d3c0fdeb9f,0
0x46567c731c4f4f7e27c4ce591f0aebdeb2d9ae1038237a0134de7b13e63d8729,1
0x46e6414dfddb8d4b8e19a495d3b00ca5b062b124953f106f4750d35e8ce6c58a,0
0x48aa9846b4bc59112c5882d4f8728f10fc9521d3f62b191836874e1859f85c72,0
0x491cf8b2a5753fdbf3096b42e0a16bc109b957dc112d6537b1ed306e483d0744,1
0x49a3038622bf6dc3672b1b7366382a2c513d713e06cb7c91ebb8e256ee300dfb,1
0x49bed801b9a9432728b1939951acaa8f2e874453d39c7d881a62c2c157aa7613,1
0x49ca5e188c538b4f2efb45552f13309cc0dd1f3592eee54decfc9da54620c2ec,1
0x4a304ff08851106691f626045b0f55d403e3a0958363bdf82b96e8ce7209c3a6,1
0x4a747cebf1d64de2a8c761898546948ea147050e7c5ae48da340bf0d415af93c,0
0x4a74f8ba7dbf0f4e32ac10a293b6e63bcb872bbc903f4fc0a473a65c2f098124,0
0x4ab68b21799828a57ea99c1288036889b39bf85785240576e697ebff524b3930,1
0x4b166e7b4ab5105a8e9c85f08f6346de1c66368687215b0e0b58d6e5002bc32,0
0x4b29881a14789413e0a540aa9e82dbd79c835bc9d98662d83ece56f3f488e2c6,0
0x4b3df6e9c68ae482c71a02832f7f599ff58ff877ec05fed0abd95b31d2d7d912,1
0x4b544e5ffb0420977dacb589a6fb83e25347e0685275a3327ee202449b3bfac6,1
0x4b69c576e3f1dd9fd53f1e3963275e58bd94dc48c5eb22fa90ac13ad1bac85bf,0
0x4bb10927ea7afc2336033574b74ebd6f73ef35ac0db1bb96229627c9d77555a0,1
0x4c40b2785f87fa437c8f94d13420411eb88cab52ea01937d5ae4c54c139cd7a1,0
0x4c684fb2618c29743531dec9253ede1b757bda0b323dc2f305e3b50ab1773da7,1
0x4d3f0f3228b2995eee56ee1e24c56a01ab1720d6cfaa9d351019f58407205e86,0
0x4e0a642a50c190c13298af978a6f0459b22687f9dcf18f67d8ecd2833fbdefa5,0
0x4e5bb7e3f552f5ee6ee97db9a9fcf07287aae9a1974e24999690855741121aff,1
0x4ec3061724ca9f0b8d400866dd83b92647ad8c943a1c0ae9ae6c9bd1ef789417,1
0x4ed59e3013215c272536775a966f4365112997a6eec534d38325be014f2e15ee,1
0x4f1259815776fa5da75792052247f00f2ce693085e185fde348e3ba9ae5ae988,0
0x4f37ffecdad598f53b8d5a2d9df98e3c00fbda4328585eb9947a412b5fe17ac5,1
0x4f4408fadede557c0f3de2657dac467250e55cd220de1f1f73441c64c47b05d9,0
0x4f4d6909a442b4d86f79a9044dcada6a128ddd9f62c26f410134a72d2fc31389,1
0x4ff4028b03c3df468197358b99f5160e5709e7fce3884cc8ce818856d058e106,0
0x5096d1bd1c1f89366a1937dcddf2aee0dea71847c377da258d7b93519357dcae,0
0x51185fb580892706500d3b6eebb8698c27d900618021fb9b1797f4a774fffb04,1
0x51293c1155a1d33d8fc9389721362044c3a67e0ac732b3a6ec7661d47b03df9f,1
0x51ce3d9cfc85c1f6a532b908bb2debb16c7569eb8b76effe614016aac6635f65,1
0x53334c36502bd022bd332f2aa493862fd8f722138d1989132a46efddcc6b04d4,1
0x53be95dc8ffbc80060215133f76f48df35deef3cd7e1803e24b1e2f8aa53440b,1
0x53eeab4447db331dbb47f93fd58a95d6faa230d559acde0687f8b5f5829e7a45,1
0x53fd92771d2084a9bf39a6477015ef53b7f116c79d98a21be723d06d79024cad,1
0x54f659773dae6e01f83184d4b6d717c7f1bb71c0aa59e8c8f4a57c25271424b3,1
0x556419e0a6ee8e6de6b3679605f9f62ad013007419a1b55c9f56590a824bfb52,1
0x557628123d137ea49564e4dccff5f5d1e508607e96dd20fe99a670519b679cb5,1
0x55cec4fa4614836e54ea2e5cd3d14247ff3d61b85aa2a41f8cc876d131e0328,0
0x56de6c4bd906ee0c067a332e64966db8b1e866c7965c044163a503de6ee6552a,1
0x5735026e5de6d1968ab5baef0cc436cc0a3f4de4ab735335c5b1bd31fa60c582,1
0x576dad5f8bcc82ff8cdace53e06677f1fa4ba10a29167f3df95a986bba20ce27,0
0x57b589f631f8ff20e2a89a649c4ec2e35be72eaecf155fdfde981c0fec2be5ba,1
0x57e555328b7def90e1fc2a0f7aa6df8d601a8f15803800a5aaf0a20382f21fbd,1
0x581e9f8445da4cc43f9f160a3d6d4656f4be96ec3517f4d4e60a5a67ef2f4bcd,0
0x58424115c6576b19cfb78b0b7ff00e0c13daa06d259f2a67210c112731519e09,1
0x587f14b7ffb30b5013ab0db02e9bc94183817ef34c24a9595f33277e752f81eb,1
0x5901af941f280caa37c795a8d1d88a7ddb45afed27b67327547d7283106f950a,0
0x5904c4ac1fde37348f74599b3883961cfabd05b20ebc4031cbb58656d190083d,0
0x5904fb469db378448c9be0ab6de90fc1d2408c3779504a50d31a261083ee0a9c,0
0x5908622ce9670fdcd7954aa098aadb3e13882f198b795c6fea5ee6fc2c802d3c,0
0x599c982a58a00525e16bc863729d83f247a02b04f4e6863e9f5cc9f24519261a,0
0x59ed06fd0d44aec351bed54f57eccec65874da5a25a0aa71e348611710ec05f3,1
0x59faab5a1911618064f1ffa1e4649d85c99cfd9f0d64dcebbc1af7d7630da98b,1
0x5a062e70de0be5316380f5f1755251077c2999e7b47a71725ba484f472c0d2c9,0
0x5a135501fe28d21788aab85d77295de6307f05355cff77db7e0901d4c8552db,0
0x5a475a73343519f899527fdb9850f68f8fc73168073c72a3cff8c0c7b8a1e520,1
0x5a504fe72ef7fc76dfeb4d979e533af4e23fe37e90b5516186d5787893c37991,1
0x5a63da39b5b83fccdd825fed0226f330f802e995b8e49e19fbdd246876c67e1f,1
0x5a6d4257ba04186b6dbcf391c60132b00fc3aaa998dc79956da1df5edfd8d883,0
0x5b17283268d401d1c8854af40f6bf9d2738a1d70b271318d55a7397f34c8ee3b,0
0x5bb03f0a1a45eab3b59492b1c6c2770eb8b3e29aade430698e82dcce3b59f1ad,0
0x5c67cf20bd2058845da208fd44bc116e8fc8faf5910433f1f7675a5dddeddc14,0
0x5cea330a34323a97f1f33e5307183fee51382662c66c6cec4c6c6082158e754b,0
0x5d029c08f5c283716f9fe962218f8429c7ca0b2eb50dda4062b33dbdf74314f6,0
0x5d2a94785d95a740ec5f778e79ff014c880bcefec70d1a7c2440e611f84713d6,1
0x5d4012019a02c2c2d918767ba3d18c482219a6f97ac807a74d557008963d2c48,0
0x5ef1edb9749af6cec511741225e6d47103e0b647d1e41e08649caaff66942a91,1
0x5efb524d7d290278b4d048e1f60eaabfc57d0ce84b55f786b570756406067091,0
0x5f16637460021994d40430dadc020fffdb96937cfaf2b8cb6cbc03c91980ac7c,1
0x5fb339fbfb1d19ae307d6128b42c6d3baf6c4c22610ea5c863c19859b53d1982,0
0x5fd57d2ad387522342a77ead956ec1a5c022dc5488a04b53f9023e819cc914c0,0
0x5ff4b724040dabad48eacd86cf0f2603f02666bdb21f9da9b22f0cded9538f1b,0
0x6051a25a1db8df20dff926a036b1676f02f703d4c54bf7f5c2e7ae36aa3d6d37,0
0x61293c6dd5211a98f1a26c9f6821146e12fb5e20c850ad3ed2528195c8d4c98e,1
0x6129e18fdba3b4d3f1e6c3c9c448cafcbee5b5c82e4bbb69a404360f0e579051,1
0x6148d61244a5a077262959801e76666a5024daf8efe782ed8fe6e39b2650ca68,0
0x6189ad07894507d15c5dff83f547294e72f18561dc5662a8113f7eb932a5b079,1
0x6190c1be8edb2e82340fc22d00789981c6aea945707118b328d1cd4436cb82e1,0
0x619c44af9fedb8f5feea2dcae1da94b6d7e5e0e7f4f4a99352b6c4f5e43a4661,1
0x61f59e7cab54d9afbb4eb8c439bd873468d1fc0bf3e4dbbf9c99ffe662239754,0
0x6200bf5c43c214caa1177c3676293442059b4f39eb5dbae6cfd4e6ad16305668,1
0x6255afb965a736126b7956acbc75d88ac29e8c02c64b5d046ce42a06adf52cac,0
0x625b4be0e0f708e0f16183d84e86c9fa8ea22adce2c214ea79b6decc1bd2d2be,0
0x628fd44c0dbd0dce3bfb59067954ebace8ef24a4f25070ef9cb5fc9f339c709f,0
0x62dba55054fa628845fecded658ff5b1ec1c5823f1a5e0118601aa455a30eac9,1
0x62f47447443a476c0beabca35005ed9fa738eb319f103e17e777d5a48f082132,0
0x6301d4c9f7ac1c96a65e83be6ea2fff5000f0b1939ad24955e40890bd9fe6122,1
0x6335f8dcc303506aca9587269a5d0deba0a120b016d2cccd46ceac361d8cc9f6,0
0x63ac9bc4e53dbcfaac3a65cb90917531cfdb1c79c0a334dda3f06e42373ff3a0,1
0x645b6007773b7df0a17da16239817656bdb5dc586475a1c083c5571d6b7cbcf1,0
0x649a7c23c0ca807057234954d35a0bc2adf7030e98dc068f0f1c0bdd19437b6b,0
0x64a07b42214a2d642b92c9c33910ddfb99b14dbcebee50618e834257f1527b1a,0
0x658358fdd27becfea806d60ef983846592d7de24998fc57df9d187f198dde110,0
0x660837a1640dd9cc0561ab7ff6c85325edebfa17d8b11a3bb94457ba6dcae18c,1
0x661505c39efe1174da44e0548158db95e8e71ce867d5b7190b9eabc9f314fe91,1
0x67167db4d2657b9b90e6aec781d9759366314247024f0f430ae4a89ee6ba5ba7,0
0x674f74b30a3d7bdf15fa60a7c29d96a402ea894a055f624164a8009df98386a0,1
0x67d6c554314c9b306d683afb3bc4a10e70509ceb0fdf8415a5e270a91fae52de,1
0x68cdec0ac76454c3b0f7af0b8a3895db00adf6daaf3b50a99716858c4fa54c6f,1
0x69c64b226f8bf06216cc665ad5e3777ad1b120909326f120f0816ac65a9099c0,1
0x6aef8bb501a53e290837d4398b34d5d4d881267512cfe78eb9ba7e59f41dad04,1
0x6b6b98fd5d37cdadb72cfea33b5ec37b3adf7d1bec56083bd222ba6ecb72f518,0
0x6ba9a68043a3ce2184d0c0572972422be7e9a7db2c741fec8f01bf92771e4ba2,0
0x6bf4d8153899b195b2ada90057ae41e54f2660ab22d2d33f31d2c1ae0058e8e2,0
0x6bfd9e286e37061ed279e4f139fbc03c8bd707a2cdd15f7260549052cbba79b7,0
0x6caa65b3fc5c8d4c7104574c3a15cd6208f742f9ada7d81ba027b20473137705,1
0x6cba3a67d6b8de664d860b096c8c558a1d65e5fa9735c657ddc98f67969561a2,1
0x6def34b40efced51e193336c8e8c50bf440b9e6fa68417e081f806b5c01591e6,0
0x6ec6b21f689a72b3e604a574930fe49f913fe1987641dd8ec0ca40fcac5a74d,0
0x6ee400f7fcc67308c4fea1ea813bbb64c2eee294fe91c0a7bea568ac636f1183,0
0x6ef1e3b5062a9e6950563da217253ede8ec6678028803a8c70bd41f747013ec7,0
0x6f1af27d08b10caa7e96ec3d580bf39e29fd5ece00abda7d8955715403bf34a8,1
0x6f5b796668419402ccb208c0186500e59862c6e710d8de17218641040d032aa2,0
0x6fa6374d43df083679cdab97149af8207cda2471620a06d3f28b115136b8e2c4,1
0x6fdfb55e017a11a8ed23f812a8306920c238148a9e6f59b9cad52cb2c76ecd2c,0
0x70a25a1e5e979918376679ba795228b8bf3e4bd78e85c13b4a0b121330cceafa,0
0x710092255f31dd915202ae70c29dd0bf108e2cbd8838a1a62cfb4511d9cf65d2,0
0x7246b1d7da21147a8167d628f1a99dd5efe6a278758ef700553da56a033ab19e,0
0x72f8dd2bcfe2c9fbf0d933678170417802ac8a0d8995ff9a56bfbabe3aa712d6,1
0x7320accea0ef1d7abca8100c82223533b624c82d3e8d445954731495d4388483,1
0x7394f2520ff4e913321dd78f67dd84483e396eb7a25cbb02e06fe875fc47013a,1
0x740f8a42159c405b1339b26e4e50a97cee1e017a93f91edf2fd000fdc26c17ae,0
0x7506c742c9f19a95d55af91049c736cda32723fd24027306dae146defac9705e,0
0x756cf2da292c3511735ee67e566bbf8209990724949852b2ee582a332e725b27,0
0x758efef41e60c0f218682e2fa027c54d8b67029d193dd7277d6a881a24b9a561,1
0x75a26224da9faf37c2b3a4a634a096af7fec561f631a02c93e11e4a19d159477,1
0x75e3aeb00df69882a1b15d424e5e642650326ca3b923d7fd1922d57c51bc2c78,1
0x765230835b5e94f5f11b1e6a8f887dbcc98502d3c4c978b049dd8ae5a8401878,0
0x765de8357994a206bb90af57dcf427f48a2021f2f28ca81f2c00bc3b9842be8e,1
0x770f93303dcf8bf368a8cd55f969b6bbdd8cbce3fd86ec790621a887fe8e0406,0
0x775e45ce1e37933df20f49f23aa297e0d5be1612e38b5b2e5ea36d56a4a6cad0,0
0x777a5f401bddc1cfedc7c6d5c0d93910978c27a3dcd5ef63b978023d78bad3aa,0
0x779309a36f030c69ac806f0284b06ca534d3893d5b353741c22d959510ef62a5,0
0x784b68dc7d06ee181f3127d5eb5331850b5e690cc63dd099cd7b8dc863204bf6,1
0x787f1944b390e4807112c20b57693ec046eff0859ed9cca9af098e565c4b6748,0
0x7958cee43334b0452dc12ad269e594879a21884dda0ea304fb7240a6e6170a6e,0
0x79ec728612867b3d82c0e7401e6ee1c533b240720c749b3968dea1464e59b2c4,1
0x7ac4a98599596adbf12fffa2bd23e2a2d2ac7e8989b6ea043fcc412a29126555,1
0x7acc896b8d82874c67127ff3359d7437a15fdb4229ed83da00da1f4d8370764e,0
0x7c1ae4f4daac74e1b4891c66a2947eb691c0e6bd2563c6a6cf5ae02d71e88eb7,0
0x7c5a909b45014e35ddb89697f6be38d08eff30e7c3d3d553033a6efc3b444fdd,1
0x7d04e953dad4c880ad72b655a9f56bc5638bf4908213ee9e74360e56fa8d7c6a,1
0x7d11d18e947625a2dd22f1d24e87a920a595921f29f474290ec03a7baa39e71,0
0x7d2d8d2cda2d81529e0e0af90c4bfb39b6e74fa363c60b031d719dd9d153b012,1
0x7d39ab01e7bff51269169ae73878cd3a1656258222edab6e3f897e006069928f,0
0x7d941aec4dfb9635abc94895f3f0d7521e3bd8b502c4850ba2fb91819282ed34,0
0x7db946bb9e17fa1d4217ab91e12bf72a1227c6e4fd7f8961891584bdeddc717b,0
0x7e02ee7242a672fb84458d12198fae4122d7029ba64f3673e7800d811a8de93f,1
0x7e7f9548f301d3dd863eac94e6190cb742ab6aa9d7730549ff743bf84cbd21d1,1
0x7e946a27250f53c9f7939929bdc8a7e51a7ecbf4f4723aa9558a7fe1b512ec46,0
0x7edfabdc7e96b862277d2365f8fa7d84a0a14d4811ee48485407b9198a86da86,0
0x7f183df11f1a0225b5eb5bb2296b5dc51c0f3570e8cc15f0754de8e6f8b4cca4,1
0x7f4fd88fcb1e7ab94947a99bf3085fb39edee3e7d5eacd90856960bbbe3e6f0c,0
0x7fd32ef108d2f5b9053e8b664de06ee12af0ee54740c4e986933b3f20babca3b,0
0x7fe46c2746855dd57e18f4d33522849ff192e4e26c74835799ba8dab89099457,1
0x8037b3dc0bf9d5d396c10506824096afb8125ea96ada011d35faa89fa3893aea,1
0x804ff3801542bff435a5d733f4d8a93a535d73d0de0f843fd979756a7eab26af,1
0x813f6cb1ae3f745f1bfb21228819afe937b354e4b85194bf4e1b626903c11915,0
0x8152df2874901fdbb82dd3750bc02f65437c09fd9634ce2555729f6841d31bf8,0
0x81e9918e248d14d78ff7b697355fd9f456c6d7881486ed14fdfb69db16631154,1
0x824de0989f2ce3230866cb61d588153e5312151aebb1e905ad775864885cd418,1
0x8385625e9d8011f4ad5d023d64dc7985f0315b6a4be37424c7212fe4c10dafe0,1
0x849ed7f687cc2ebd1f7c4bed0849893e829a74f512b7f4a18aea39a3ef4d83b1,1
0x84c385aab658d86b64e132e8db0c092756d5a9331a1131bf05f8214d08efba56,1
0x84d3572ddcafe9223127ac52e677249cfe271f159b4d9d8576c6b4b7720e205a,0
0x8657828cde09907a089c83e3340d5ae4b966896be0b712fe921ee1a90cc31b7b,0
0x873f7c77d5489c1990f701e9bb312c103c5ebcdcf0a472db726730814bfd55f3,1
0x8775681d990d3676db8633244f20e3990a3deadbf0e09ec744167af5d4efc3d0,0
0x87f46b2539b79996d5a174114cc0af0439ab7b9eb96a99141420f35fcb70953a,0
0x88154254ded7950d0d343ee79e159be7edb0f518e3936b2e9bb4a1cd2d11f17e,0
0x88821d67c59cc470e62058540fe798ba34e56ceaeacfc65be12d6897c3dec754,0
0x88a6c2c3ce86d4e0b1356861b749175884293f4302dbfdbfb16a5e373ab58a10,1
0x88c449741145cc2ce66f6e8113e68342271c423d82c5e6b3faa84f58efa4cb8d,0
0x88fa6add4e5999a6f30372896370fe9d743a3472268b23403a8c886c21a0f142,0
0x88fcffc3256faac76cde4bbd0df6ea3603b1438a5a0409b2e2b91e7c2ba3371a,1
0x897c2de73dd55d7701e1b69ffb3a17b0f4801ced88b0c75fe1551c5fcce6a979,1
0x89e017d132e237534c93ca7ddc2828072fc670d90494bedd6a9a6e164f03292d,0
0x89e4f50a7022c8ae7fa060cc809dc83d6931e93047d7616aceafff1814d6a3f,0
0x8a329e82c8c2dac82e2192a074907945b4ff6939b6947f32eb2b55fa71ebf905,0
0x8a453c61f0024e8e11860729083088507a02a38100da8b0c3b2d558788662fa0,1
0x8a61927598ce26f296ba1be155301418e2c01fe8f5585f9b46369e1ec5c408b0,0
0x8a8145ab28b5d2a2e61d74c02c12350731f479b3175893de2014124f998bff32,1
0x8af9b5fb3e2e3df8659ffb2e0f0c1f4c90d5a80f4f6fccef143b823ce673fb60,0
0x8b3e0e3ea04829f941ca24c85032c3b4aeb1f8b1b278262901c2c5847dc72f1c,1
0x8b4100b86dcc3aceba86cddf2624c7003846140e0cdcc43221809c6b6f660d8b,0
0x8b4b793fee21c3598a364830ae83e91c0085a117154cc899c25ad6e585635882,0
0x8b74995d1d61d3d7547575649136b8765acb22882960f0636941c44ec7bbe146,0
0x8b77d75efa185295b09bdf2edcb509541fdde40ed5484212331ceac41b2f4ac0,1
0x8c36bc2d29da8123b74db1fbd59af2d5d12e8f46dd3a50f6bfd3752b4fed5680,0
0x8c3f442fc6d640a6ff3ea0b12be64f1d4609ea94edd2966f42c01cd9bdcf04b5,1
0x8d3036371ccf27579d3cb3d4b4b71e99334cae8d7e8088247517ec640c7a59a5,1
0x8d5fb97b35b830f8addcf31c8e0c6135f15bbc2163d891a3701ada0ad654d427,1
0x8e37913135a8b75dc2c7c67d683fb7cc5c7daeff38b0d22964150532c2537615,0
0x8e5c70d3407acec5cb85ff064e5fe029eca191d16966d1aaac6613702a0c6ce,0
0x8ff764dde572928c353716358e271638fa05af54be69f043df72ad9ad054de25,1
0x903d88a92cbc0165a7f662305ac1bff97430dbcccaa0fe71e101e18aa9109c92,1
0x904e48ccc1a1eada85f2e3a6444debc428c55f8652ebbebe26e77d02be2902bf,1
0x906aa1837bef679b45d57a36243e38b22d9b0e9eaa03b662e517313ccedbb993,0
0x906e4b5d4129d9354c5fa87d3532125ad1f9b08fe2392ac47cd8d367e4b8455e,0
0x90b4fcf583444d44efb8625e6f253cfcb786d2f4eda7198bdab67a54108cd5f4,1
0x90da3e771a0be39101ce23a078df0a5db7869e050096d625e8511bd9e6917beb,0
0x911fb8246074327ec5f061fc87be0c0f243e02fe45a9f9e64d5ec19b8df0344a,0
0x91773e84925bb04aa0c5d39479d3d45aec5b24033b7ff4b4ed49cc61b9d2ef09,0
0x91b9fe336a63ac65718520ff7f849409e585f583e6b69b441694c58f0550180c,0
0x920cbe9bde1529c6768cc81d2642aeee344bce5aa487b4ff57d0992b879f1c1,0
0x9235e0662e230bdfa94f56f4932fd09a95fea17e4b9b44a4f40a59449e216110,1
0x923d1d63a1165ebd3521516f6d22d015f2e1b4b22d5dc954152b6c089c765fcd,1
0x927b784148b60d5233e57287671cdf67d38e3e69e5b6d0ecacc7c1aeaa98985b,1
0x92cdcc732eebf47200ea56123716e337f6ef7d5ad714a2295794fdc6031ebb2e,0
0x9312ae377d7ebdf3c7c3a86f80514878deb5df51aad38b6191d55db53e42b7f0,1
0x931e3b486ffcb15d6aa1f71415a04b1b3f8da40cd3a4d994b1b8ab521bd88789,0
0x933d19d7d822e84e34ca47ac733226367fbee0d9c0c89d88d431c4f99629d77a,1
0x9351e02777f6cab3a72ab0dc45395f6cbbade5136289bf3376f73ffc2271076f,0
0x935728aefa3419e5e319ad7b68f22940206526f4d4548408642dbbdbd3015f8c,0
0x93a033917fcdbd5fe8ae24e9fe22f002949cba2f621a1c43a54f6519479caceb,0
0x93ae5f0a121d5e1aadae052c36bc5ecf2d406d35222f4c6a5d63fef1d6de1081,1
0x93fdb3050f816fedcd094c22fca5bdb9d64f17750b5d989d46a0cbce21d5785d,0
0x94055664287a565d4867a97ba6d5d2e28c55d10846e3f83355ba84bd1b9280fc,1
0x945cd2720316a7b9b43d0099818dc9c38f882aafe3211bbf63474b4d22e58398,0
0x948132f219c0a1adbffbee5d9dc63bec676dd69341a6eca23790632cb9475312,1
0x94ff14afa7426505acfd64bdd828df2d763b2e9416ba8d7a85c096a04085b564,0
0x954604de22bc0fe57a132b77b7e9831a138100a5c38dbfd76beab35b754771fa,0
0x95c1604789c93f41940a7fd9eca11276975a9a65d250b89a247736287dbd2b7e,1
0x96a955304fed48a8fbfb1396ec7658e7dc42b7c140298b80ce4206df34f40e8d,1
0x96b34dc3a98cd4055a984132d7f3f4cc5a16b2525113b8ef83c55ac0ba2b3713,1
0x96eb5076c944e45bb46b6aa780baf3b2e17e67cebfa29d8c4775a681c90032b0,0
0x97201900198d0054a2f7a914f5625591feb6a18e7fc6bb4f0c964b967a6c15f6,0
0x98c460e8c89782da7a5c06161ccb1c73338ff7c76238fadfbb86266c6b4eb761,0
0x995e880635f4a7462a420a58527023f946710167ea4c6c093d7d193062a33b01,0
0x99861192a923fc61bcd077cf102b105712eedd04fb7c57c3f890bf1956c33f35,0
0x998f1da472d927e74405b0aa1bbf5c1dbc50d74b39977bed3307ea2ada1f1d3f,1
0x9a036058afb58169bfa91a826f5fcf4c0a376e650960669361d61bef99205f35,0
0x9a462209e573962f2654cac9bfe1277abe443cf5d1322ffd645925281fe65a2e,1
0x9a8c4c4edb7a76ecfa935780124c409f83a08d15c560bb67302182f8969be20d,1
0x9a97d85642f956ad7a6b852cf7bed6f9669e2c2815f3279855acf7f1328e7d46,1
0x9afcac8e82180fa5b2f346ca66cf6eb343cd1da5a2cd1b5117eb7eaaebe953b3,1
0x9c48fd13d65f5f951882282444a45a7b84c4f673891bbdcc48af68ed305950bb,1
0x9d1351ca4ede8b36ca9cd9f9c46e3b08890d13d94dfd3074d9bb66bbcc2629b1,1
0x9dba2561d1736b3534bdd8cc4ef33bf0a66250f5cfc243b84be6ea896ac0a6c3,0
0x9f34ae044cbbf3f1603769dcd90163add48348dde7e1dda41817991935ebfa2f,1
0x9f46f46e0f8503845bcbe6d9744a5990bcec7fbf52bf40d5f4b8f803ed3cc8d2,0
0x9f8a6ab13a0148d8ad640510692312b9d3d8ac6e0a4165f04ae55dffa18d28a5,0
0x9fcf38d0af4dd08f4d60f7658b623e35664e74bca0eaebdb0c3b9a6965d6257b,1
0xa00def91954ba9f1a1320ef582420d41ca886d417d996362bf3ac3fe2bfb9006,1
0xa03b488f187d016070dc379c5f622f2561c395a3beca3b8bf0738198ef44bc10,0
0xa0408770d158af99a10c60474d6433f4c20f3052e54423f4e590321341d4f2a4,1
0xa165efbc31c31e879924750951a3aded8a908bafa15e3cc026b65297e84a4e60,0
0xa17fdb804728f226fcd10e78eae5247abd984e0f03301312315b89cae25aa517,0
0xa1c9c62432f0a85820e796016c3c139ecaea5ec4511e2b2c255c7e0277210b04,0
0xa1f2377fc6c24d7cd9ca084cafec29e5d5c8442a10aae4e7e304a4fbf548be6d,1
0xa21692ffb561767a74a4cbd1b78ad48151d710efab723b1efa5f1e0147caab0a,1
0xa3cbbdd2494f6d5452de8edc5c8c32f316abc40140a63769a22e04cd2549963b,1
0xa45fdffc24c139f0feb34a5eb987a2263a1e8bd9c71492b564825ba57c2fc6ba,0
0xa4659632a983b3bfd1b6248fd52d8f247a9fcdc1915f7d38f01008cff285d0bf,1
0xa4d7ee2ddb9db06961a17e2a5ae71743a266bcb720be138670f4a10e8dfc13e9,0
0xa4e650772f6e6b7ecc0964fe4c3854850669d1467570a2fa2b6edfa0f112c4b7,0
0xa5fe9d044e4f3e5aa5bc4c0709333cd2190cba0f4e7f16bcf73f49f83e4a5460,1
0xa618933a0e0ffd0b9f4f0835cc94e523d0941032821692c01aa96cd6f80fc3fd,1
0xa685928b5102349a5cc50527fec2e03cb136c233505471bdd4363d0ab077a69a,0
0xa6f63fcb6bec8818864d96a5b1bb19e8bd85ee37b2cc916412e720988440b2aa,1
0xa71769cfc9123647a7637a652d618cb07a0229301fadb5e22db929ae6ca99bb8,0
0xa734db72694fd13c56aabbbba3e6d177c84300867978423ca41610d2e03c1b84,0
0xa81f91e96b942948c3fcbe9b5c4a427da08bf5d3f53373a4ca7013d6dc6f9350,0
0xa84aa065ce61dbb1eb50ab6ae67fc31a9da50dd2c74eefd561661bfce2f1620c,0
0xa8ec01e8ed3c56d6db2ac7db5ca58f83b795cacada4346d7c081c67fe35991d8,0
0xa916674fb8203fac6d78f5f9afc604be468a514aa61ea36c6d6ef26ecfbd0e97,1
0xa94338d8aa312ed4b97b2a4dcb27f632b1ade6f3abec667e3bf9f002a75dabe0,1
0xa9948c8f0500a867091a090d12125f88868ac29e52af6391569094e82d416904,1
0xa9df1bd97cf6d4d1d58d3adfbdde719e46a1548db724c2e76b4cd4c3222f22b3,1
0xa9ff2b587e2741575daf893864710a5cbb44bb64ccdc487a100fa20741e0f74d,1
0xaaa197c7478063eb1124c8d8b03016fe080e6ec4c4f4a4e6d7f09022084e3390,0
0xab39a17cdc200c812ecbb05aead6e6f574712170eafbd73736b053b168555680,1
0xab879c57efead152ac8db3252abc1c0424172235727f65ccb7f6341bff61bc35,0
0xabc6cf13945136f58b2453a19f9cb431536fffb8b2f4a7855da42f646351b458,0
0xabfcfaf3620bbb2d41a3ffea6e31e93b9b5f61c061b9cfc5a53c74ebe890294d,1
0xac11be535cc7d7996b9b57ebf5b2f11213336b50e90701963d872c45f837fc86,0
0xace112925935335d0d7460a2470a612494f910467e263c7ff477221deee90a2c,1
0xace5cb666216dbcc1836e7bbee5ddb87e0b2b07aec9c44fc14f20f49d89ce73b,0
0xad7a2c70c958fcd3effbf374d0acf3774a9257577625ae4c838e24b0de17602a,1
0xad89ff16fd1ebe3a0a7cf4ed282302c06626c1af33221ebe0d3a470aba4a660f,0
0xadaf1a0b9c6ef01a431b6c894e42cb0eda03ab48bdd71c58929bcfa5cae3b649,0
0xae7d664bdfcc54220df4f18d339005c6faf6e62c9ca79c56387bc0389274363b,1
0xaee8ef10ac816834cd7026ec34f35bdde568191fe2fa67724fcf2739e48c3cae,1
0xaf46a42fe1ed7193b25c523723dc047c7500e50a00ecb7bbb822d665adb3e1f3,1
0xb0e3a7932725617771da1538f6713620be28a82c45fdc14d1738af0f4fadd7ac,0
0xb0e866b524f805ad347b40d2113a40350759ff5213ff7952ff7d10ce9b101cc0,0
0xb1ad1188d620746e2e64785307a7aacf2e8dbda4a33061a4f2fbc9721048e012,1
0xb1be5dee3852c818af742f5dd44def285b497ffc5c2eda0d893af542a09fb25a,1
0xb1f70464bd95b774c6ce60fc706eb5f9e35cb5f06e6cfe7c17dcda46ffd59581,1
0xb2e3ea72d353da43a2ac9a8f1670fd16463ab370e563b9b5b26119b2601277ce,1
0xb310d76120a8a1124533e49d6e91721624435b0df240b54c897307205df06105,0
0xb33057f57ce451aa8cbb65508d298fe3c627509cc64a394736dace2671b6dcfa,1
0xb36486f032a450782d5d2fac118ea90a6d3b08cac3409d949c59b43bcd6dbb8f,0
0xb3ac111d294ea9dedfd99349304a9606df0b572d05da8cedf47ba169d10791ed,1
0xb3cfbd40752c149761d105890f40d860a4366a819add6f5414db9bc474cc6481,0
0xb4a076b4fe1d873b75e7fadc3d99e0240a61fa23f5327782416588f09c32295,0
0xb4aef9c28889ec42028e8b8858d21ebc97d49b0a4a26e667d74606950e03526,0
0xb5ca690246bfc16c8b33f4a6e40e3db8463d3a6e6ac1a46dca55e49ce6f3e77e,0
0xb5cfa4ae4d6e459ba285fec7f31caf8885e2285a0b4ff62f66b43e280c947216,1
0xb64ae25b0d836c25d115a9368319902c972a0215bd108ae17b1b9617dfb93af8,1
0xb650e9f4b9eb023ea65b55ca4d088323e3d5bda377880dedb149a7fd3fd5c15f,1
0xb6f9b5ef1feeadb379a2de8f79bb04dd6920bfb214136d057eed4ce23a0003f8,1
0xb774291402009cdfc5c0dd5c863895181d11df2f0661da6e7929e575e6b3b2eb,0
0xb83f9165952697f27b1c7f932bcece5dfa6f0d2f9f3c3be2bb325815bfd834ec,1
0xb846f3aeb9b3027fe138b23bbf41901c155bd6d4b24f08d6b83bd37a975e4e4a,1
0xb8efe839da0c89daa763f39f30577dc21937ae351c6f99336a0017e63d387558,1
0xb91e0731a0f1eb0abf884717a065f7282a5daaacd172a0db8d4a61609c978ed8,0
0xba0fa8c150b2408eec9bbbbfe63f9ca63e99f3ff53ac46ee08d691883ac05c1d,1
0xbb837d417b76dd237b4418e1695a50941a69259a1c4dee561ea57d982b9f10ec,1
0xbba4b669d4fa4fb8aa7c292849a24a12c1702c259ebc7ed40b53ea0f702da8d5,0
0xbc7766e18163a9c0fd29ef2135bade924b17c547945d0eaf5813059c3a195a57,0
0xbc88aa6057f9da6f88e28bc908baad111ae7545e69fb0c90fbdfd485c9e72192,1
0xbdf76f22c41fe212f07e24ca7266d436ef4517dc1395077fabf8125ebe304442,1
0xbe043511610d9c6e0044fe4d5f2b6488571ad19419e10debcb6a968a4dc585ce,0
0xbe163f651d23f0c9e4d4a443c0cc163134a31a1c2761b60188adcfd33178f50f,1
0xbe8f8c28f17cf84ff966a6d288b494e24b4cd232a19930572d467232fe6bb38a,0
0xbe941b9340cb5d70642afaa778009f24d3afb891decab3ee1cb00a3579cb0905,0
0xbea2c33416957410c4acf9cfe258c23a60d9932ba18cc752380cef314ba55194,0
0xbea605b238c85aabe5edc636219155d8c4879d6b05c48091cf1f7286bd4702ba,1
0xbeea4ff215b15870e22ed0e4d36ccd595974ffd55c3d75dad2230196cc379a52,1
0xbeef1484af32d727d0a93dddd4aed3cf816f709368e33c10b34601e555d741dc,0
0xbeef368dcfec1df34db0f91779d0b2ae44170be5537ea38a7d0cb22652f4ce73,0
0xbeef3dcfaebc1238b6abdea5410359a0baf47de95ae78d1f58da93c4143ddc08,0
0xbeef4175a90cc5566bc513976d8fbed78dc3420a17cf5a64056ca5e5f664ea91,0
0xbeefb17dc18e4b8c2ed46d2768a52635f32b9b2fa6f9d83e24d2502bf248509d,0
0xbeefc757bb14156e855466ce12401b7ba9d2b213df5674a0bc811685fdc1130a,0
0xbeefcead35d0d49c5e91f00d3da2f8cc4224a3b3bab849f220694e0079240486,0
0xbeefd8faba2aa82704afe821fd41b670319203dd9090f7af8affdf6bcfec2d61,0
0xbeefdb266c436c81e547330813a39813d04bb21f96d40161adb3f36e0103a940,0
0xbeefdea7018b0bb5f8cff2fe903f3f27564590e5ef460b9cbda6a4ca860e1337,0
0xbf22eabb5db8785642ba17930bddef48d0d1bb94ebd1e03e7faa6f2a3d1a5540,1
0xbf5b2d22fa88965ddfc6e6d685fc7cfc683340c49e126386759ed9e4027b1415,0
0xbfeb2e2a5bfa00ae70958ca8e54346e4c2286416f5e5a5d4d758d15676b0561e,0
0xc00dbebc3442072f8b34a02b55809251e732077605c302e86952692d47accf4a,0
0xc087fbd68b9349b71838982e789e204454bfd00eebf9c8e101574376eb990d92,1
0xc0be8c3792a5b1ba7d653dc681ff611a5b79a75fe51c359cf1aac633e9441574,1
0xc0c4e99a76da80a4cf43d3110364840151226c0a197c1728bb60dc3f1b3a6a27,1
0xc0d700020794deeb9ebd74a34cfee308a5e0bf99c9366c728c2f24c32ef610fc,0
0xc12ccc3bdaf3f0ec1efa09d089a0c1dbad05519e1eb0fa6475ffcc6317cbde4d,1
0xc163023c80016f6ec7ba0b72c926d0c8f0ba6817d4715d43025a04dac6e142c7,0
0xc18ec2eb7d41638d9982281e766945d0428aaeda6211b4ccb6626ea7cff31f4a,1
0xc2045c676f80135f21d9a62505488b1c798d1577b78dd13231ac8ef5fed419,0
0xc25ab4abe9a0a5675b7191e93ed1247000a6eaa08d107976a79610ddcf4b529a,0
0xc2d2d7164a9d3cfce1e1dac7dc328b350c693feb0a492a6989ceca7104eef9b7,1
0xc346adf14e5082e6df5aeae650f3d7f606d7e08247c2b856510766b4dfcdc57f,1
0xc36c4e9b55a82e4f06d03825d04bd410cf41bc1b151c948be3c3a0157896bc1a,0
0xc38384389b5f1cc74d0137c708942eb876665b04e84a0a52f95b780f276929eb,0
0xc42fc0e22a0f60cc299be80eb0c0ddce83c21c14a3dddd8430628011c3e20d6b,0
0xc42fe1ce2516e125a386d198703b2422aa0190b25ef6a7b0a1d3c6f5d199ffad,1
0xc48fbf1b067ab00a0fb4d7af5938e65c6734b0ebe3d90f440cd89b7f7960539e,0
0xc491516bb61b0a19a34348f6762d91d2c76b747dab6eb6878442519eaff91768,0
0xc49499325cb5ad3bf4391ae95855ce2ee2b0222f9282c524daa1c4586a8fcd8b,1
0xc503b595946bccaea3d58025b5f9b3726177bbdc9674e634244135282116c7,0
0xc523c6307b025ebd9aef155ba792d1ba18d5d83f97c7a846f267d3d9a3004e8c,1
0xc5689f844101f8edf998834cee66f5b1fc886be6e92d9560183d1a5a24b39965,0
0xc5df2582658219bf769d46869e637d5d22a97f86d5fcdf0f5d065bb6ba99e09f,0
0xc615c430b2485f29f1262f2e35abbec90550220761d6b058181d9f5762888495,0
0xc61986e36eff9865342206328d5841566fcc742275d60e7b07f7ed57e57825f1,0
0xc62cef3239516d3547420eb5b30ce4fdf20efd81b426d88566c75a36787c1a8,0
0xc6727bd64781c9b48f510d78608a7830ca25deed0ed47d4decb3d5b469b03120,0
0xc678fc9a6422c91ad6874134aea5acdfdac030ddd41432e3db490f4ba031b790,0
0xc6c3331fa8c2d30e1ef208424c08c039a89e510df2fb6ae31e5aa40722e28fd6,1
0xc6d753dc1579030430247f0a1bc04445553670fcadb403b55e1793ef3f1cb7b8,0
0xc70a961f5cb589fe035f96f48dcae9f6bc7ac368b124a864578a1eb63e209a4,0
0xc7927a68464ebab1c0b1af58a5466da88f09ba9b30e6c255b46b1bc2e7d1bf09,1
0xc820aada641d259b21d2017e765d06b6c57982ea2ef6d838b402fd83eb96184c,0
0xc82e953424b58f51706ff2ad6495738cac5284338c65eb4c4b63938f24dcaf34,0
0xc8a442b82664f3d3734e0b74139c9d3117b904b59b82ec56577ff07f48571b41,0
0xc9b2cbc1437bbcd8c328b6d7cdbdae33d7d2a9ef07eca18b4922aac0430991e7,1
0xc9fe38799288b826620980e21c12cc1b98e47170f214ce1bc99d55a0f08957f0,0
0xca7c1a0fde444e1a68a8c2b8ae3fb76ec384d1f7ae9a50d26f8bfdd37c7a0afe,1
0xcb1a2f5eeb1a767ea5ccbc3665351fadc1af135d12a38c504f8f6eb997e9e603,1
0xcc8fdb3c6af8bb9dfd87e913b743a13bbf138a143c27e0f387037887d28e3c7a,1
0xccf513fa8a8ed762487a0dcfa54aa65c74285de1bc517bd68dbafa2813e4b7cb,1
0xce003fcd0985f8ecdd9d28ea7f86a0798d2a582f37ff692587bb6cbcd8168aa8,0
0xce09433c8113e32a6c56ef808f6b0fbfc7eba12fca2946c7a691dd103020cd35,0
0xcf834aff4de9992f5da9c443600dad9c6277a8a00de5007842fece51564992db,0
0xcfe1d2b333e1b9da5e2d5f1d7697b628c818cc41f9f3020187d4ce2c2610a05c,1
0xd0344acb75b1186c4863ef01492dc20ef2a53cceb40b3845e96589597f00a80c,0
0xd03702e17171a32464ce748b8797008d59e2dbcecd3b3847d5138414566c886d,1
0xd039ed511c8a6e3ef6f91224187f4b489cd1b95a534d5b26ee0481aa3c7d978,0
0xd081d6bb96326be5305a6c00dd51d1799971794941576554341738abc1ceb202,1
0xd12016b25d7aef681ade3dc3c9d1a1cc12f35b2c99953ff0e0ee23a59454c4fe,1
0xd15b0c95d81f5e6f8a42233a2bcf6e0fd2cae9dade06ef1d47ba6c72915f493a,0
0xd1f2430c1b4b0b8b759d9044fae49f52e2dd000b1fa1ec74d703d787b67852fc,0
0xd20b3b31a682322eb0698ecd67a6d8a040ccea653ba429ec73e3584fa176ff2b,0
0xd253e3b563bf7b8894da2a69db836a4e98e337157564483d8ac72117df355a9d,0
0xd300027e083b561351177afc35f84ed054ad2b1f8284d42c8d0db8b2eaa4f43e,0
0xd314edc6804cb17573cf9f6fd4a5ab21ce41aebce3a382626d68f75d7411a1e1,0
0xd37b4bea6fb74fda3490f33f362d7b72e7c3dcdf2d6a0dfe3c3b3f9d0b4230ff,0
0xd493c73397952049644c531309df3dd4134bf3db1e64eb6f0b68b016ee0bffde,0
0xd4c19d575ea5b3a415cc288ce09942299ca3a3b49ef9718cda17e4033dd4c250,1
0xd4c7c11c46f81b6bf98284e4921a5b9f0ff97b4c71ebade206cb10507e4503b0,1
0xd4fafa1261f6e4f9c8543228a67caf9d02811e4ad3058a2714323964a8db61f6,1
0xd51b8399cb5da7a451e22ea6ad7ae47637c8fe4316d1e421b57e072b183b4086,0
0xd55e43c1602b28d4fd4667ee445d570c8f298f5401cf04e62ec329759ecda95d,1
0xd5b4d68432cbbd912130bbb5b93399031ddbb400d8f723c78050574de7533106,1
0xd6ba15ecf3df9aaae37450df8f79233267af41535793ee1f69c565b50e28f7da,1
0xd7d29d35fc6adfd41ce68065f1dcb810f8cba96fc27ecfd4077a0b98865b2b09,0
0xd82110bc4a03939ccd8ece7ea4520b95017372e49ad0f6378cb4374e47f6fafc,0
0xd82fe84e63b1aa52e1ce540582ee0895ba4a71ec5e7a632a3faa1aff3e763873,1
0xd856cb067ccbec85ecc3d353fdeab302355242f8a3adb2795e56026174d2fdcf,0
0xd85c603f71bb84437bc69b21d785f982f7630355573566fa365dbee4cd236f08,1
0xd88f26f2f9145fa413db0cfd5d3eb121e3a50a3fdcee16c9bd4731e68332ce4b,1
0xd8a242c8638bcb452f466e0fe9a400d1733ac8e3490232e7b9a136ba8f8a4925,0
0xd927843e30c6b2bf43103d83bca6abead648eac3cad0d05b1b0eb84cd87de9b6,1
0xd979fba826f3931f0be8dd3a4119d4c0ff6e0834d1f3b64d41970503af3c00af,0
0xd9b3e229acc755881890394cc76fde0d7b83b1abd4d046b0f69c1fd9fd495ff6,1
0xd9e0014a32d96cfc8b72864988a6e1664a9b6a2e90aeaa895fcd42da11cc3490,1
0xd9fdc7d03eec28fc2453c5fa68eff82d4c297f436a6a5470c54ca3aecd2db17e,1
0xda01f0e553870d3fb0b4ef2bce35c232772c7cb8b8a4655a0d33d459798691d0,0
0xda8f6a4bed7e5689a343d111632d37480c0316f1d20b732803c4bd482823e284,1
0xdabd8492f6f3568220f7df61874c6d48571f295e98db7dea3abadae93a422206,0
0xdaccbc437cb07427394704fbcc8366589ffccf974ec6524f3483844b043f31d5,1
0xdae0b85e01670e6b6b317657a72fb560fc388664cf8bfdd9e1b0ae88e0679103,1
0xdb01fa33bf5b79a3976ed149913ba0a18ddd444a072a2f34a0042bf32e4e7995,1
0xdb9a13bc970b97824e082782e838bdff0b76b30d268f1d66aac507f1d43ff4ed,1
0xdc14fbd38ebaf8931e52d0d8edaa8d9db5284b1072a6dce5e177fa28cab73b4b,0
0xdc2057c96f54781ee7c3f0393f374578da8a113b705b0fd1b48046e23374f220,0
0xdc53a6b5bf8e2962cf0e0eada6451f10956f4c0845a3ce134ddb050365f15c86,1
0xdca91f1247d94826acffe87be63e064f71f8af4ffb9882b684740dbf2c84aff9,0
0xdd0636e2598f4d7b74f364fedb38f334365fd956747a04a6dd597444af0bc1c0,1
0xdd20d630f910d46bb9f93ab960ae85f9169de64fc15754209d84535d0ef6aa6b,0
0xdd7dd68cd879d07cfc2cb74606baa2a5bf18df0e3bda9f6b43f904f4f7bbdfc1,0
0xdd82fde0cc2fb7bdc078aead655f6d5e75a267a47c33fa92b658e3573b93ef0c,1
0xddac34ecec0db558d2c0e83becac47e1be8655204d6801b2882e399b4eeebf22,0
0xddd1048fe3f2df1fb98e534a97173b32a9fca662dbd257a72725482431d3f25e,1
0xde51af983193b1be3844934b2937a76c19610ddefcdd3ffcf127db3e68749a50,1
0xde58f15555100503af6fed4c04ec32039c5aaca04ad4d10816653f49d9cefb03,0
0xde59f5bd65e8f48e5b6137a3b4251afbb9b6240d1036fa6f030e21ab6d950aac,1
0xdf6252854362c3e96fd086d9c3a5397c303d265649aee0b023176bb49cf00d4b,1
0xe075a6c719bf9b2f9856cb0e44078ff2cc8e63c98233a927e3130933bc6a0e0b,0
0xe09d350d8574ac1728ab5797e3aa46841f6c97239940db010943f23ad4acf7ae,1
0xe0a3524a301e01dc7fbe768bc2fffb607d69a239100ae6ffc0bd3678c2c53b62,0
0xe0bada18fdc56dec125c31b1636490f85ba66016318060a066ed7050ff7271f9,1
0xe1140b8d68a8b5f654c5431a7c813cf96f45bb0d490c405ff53ca9d2c7747978,0
0xe176bd9cfefd40dc03508e91d856bd1fe72ffc1e9260cd63502db68962b4de1a,1
0xe1bf84b7a57498c0573361b20b16077cc933e4c47aa0821bcea5b158a60ef505,1
0xe1de6f6b1499279b9ce790347d49c94024138ebbbd8c12c4b77bc1caddd34186,0
0xe1f257041872c075cbe6a1212827bc346df3def6d01a07914e4006ec43027165,1
0xe2912b8bf34d561983f2ae95f34e33ecc7792a2905a3e317fcc98052bce66431,1
0xe2e87090f47c82eed3697297763edfad8e9689d2da7a4325541087d77432f54f,1
0xe31908f5eb9f8a1b8a0a4ca2ace469650b71cea23eece93c44b459f623eed0ca,0
0xe37b3b8387cba6434a0a64e39a7d6fc0f5db06c9265dfebbcfac36fbe61a3d77,0
0xe3f0d14cfb6076cabdc9057001c3fafe28767a192e88005bc37bd7d385a1116a,1
0xe415bea17ace4646f08f457cb88051fc850a8ddd0b948aea662fd8b3014a11e3,0
0xe49304cd3edccf32069dcbbb5df7ac3b8678daad34d0ad1927aa725a8966d52a,0
0xe4a0adbe1ac69fc9d8ea72b45141380f0b8edc1a222461326c966cf2a50c979e,0
0xe4db1550e3aa78a05e93bfd8fbe21b6eba5cce50dc06688949ab479ebed18048,1
0xe57c6125e3ac69a62e4db18c92e238763eaf697db7a9ad8b00a7ba998d999339,0
0xe59fa48212c4ee716c03e648e04f0ca390f4a4fc921a890fded0e01afa4ba96d,1
0xe5abc27797eade3426c6bc69e829e76de3cc0a813f67fdc6190ca4e3b8e9309,0
0xe60c5a3154094828065049121e244dfd362606c2a5390d40715ba54699ba9da6,1
0xe63a8df8759f41937432cd34c590d85af61b3343cf438796c6ed2c8f5b906f62,1
0xe6548c1cab867906c8417d3c6b7eaac02a9972eca0b14eb96f9f9542550db45e,0
0xe6e504208ba90d121c3212a4f2547ae28e69790ab541d459c080ec8b1f3efab2,1
0xe72d4e7ba9b5af0cf2a8cfb1e30fd9f388df0ab3da79790be842bfbed11087b0,1
0xe7ebe3dd91d0af16479e23d6deca98ec473c3845caaaaad0b1f11fbda8363f5f,0
0xe8175646d49a592d37d6823af0fcefac1a2936e1fb8ba759c913f4d63f5192a2,0
0xe8277ef6ba8611bd12dc5a6e7ca4b984423bc0b3828159f83b466fdcf4fe054f,1
0xe850ad7ebd3c38961b2df985ed921a5ad5ef060c70c7d4d9c35fed9e22ae4247,0
0xe8b0131fa14d0a96327f6b5690159ffa7650d66376db87366ba78d91f17cd677,1
0xe8f17ee00906cd0cfb61671937f11bd3d26cdc47c1534fedc43163a7e89edc6f,1
0xe968e648b2353cea06fc3da39714fb964b9354a1ee05750a3c5cc118da23444b,1
0xe9d68078bbee1d5a0fa6ff683d59928828d162d2b4502182f82dcc0d894b6d4c,0
0xea5bb62b8a151917a732d4114d716c7e6c087af8b3c0b3416c9dbc37c59f04da,1
0xea64c9cc362693516b24108545be9873baa787f48978c71eb9e8b3deeb17cb97,0
0xea95925eb0438e04d0d81dc270a99ca9fa18b94ca8c6e34272fc9e09266fcf1d,1
0xead09530775ad4ee5e46d1c8f501eb3bb343eb507b6739bdda0a9f8fd3fae77c,0
0xeaef2831d4d6bca04e4e9035613be637ae3b0034977673c1c2f10903926f29c0,0
0xeb4eb487f58d39c05778fed30cd001b986d3c52279e44f46b2de2773e7ee1d5e,1
0xeb87ebc0a18aca7d2a9ffcabf61aa69c9e8d3c6efade9e2303f8857717fb9eb7,1
0xeb8c3bebed11e2e4fcd30cbfc2fb3c55c4ca166003c7f7d319e78eaab9747098,0
0xebecdc458358008497c30d39d42288eb5e1b85ecb30580b5494161bd5a27e1c0,0
0xec7523660f8b66d9e4a5931d97ad8b30acc679c973b20038ba4c15d4336b393d,1
0xec75bb553f50af37f8dd8f4b1e2bfe4703b27f586187741b91db770ad9b230cb,1
0xecdd111a60debfadc6533de30fb7f55dc5ceed01dfadd30e4a7ebdb416d2f6b6,1
0xed11d5b013bf3296b1507da38b7bcb97845dd037d33d3d1b0c5e763889cdbed1,1
0xed26708a7335116bdb0673f32ace7c2f329fe3cd349e200447210f1721f335f0,1
0xed7c320c09cb1f701ab36912c5ae29f13541de0ff6f9334cccefdd16f13f2b45,0
0xed879d1d6981a3db9e98303cc33f8fc4347f81e0cbbc23510bf961d3c7de182d,0
0xedc214a62ff6fd764200ddaa8ceae54f842279eadab80900be5f29d0b75212df,0
0xede874f9a4333a26e97d3be9d1951e6a3c2a8861e4e301787093cfb1293d4756,1
0xeeaf7e9662a7488ea724223c5156e209b630cdc21c961b85868fe45b64d9b086,1
0xef19a4dfd69874d5efda3e38b5a19cae4e0b0bdc95769760bd85ede4d15609ac,1
0xef34f4fdf03e403e3c94e96539354fb4fe0b79a5ec927eacc63bc04108dbf420,1
0xef9f518cbb374455a3868b7664a58b5b83fbaf7d4aceeae0451cebadbd986cb1,0
0xefe58a14fc0022872262678b358aaae64a26fe2389d09093eb14752ea99415e9,1
0xefe8152c37decab403fe484e1bc0571fdc717328a8656c495a7825b48fe88b8d,0
0xeff478f07c4e1d68f5997510b5a0978afd7f2716dbd65f759180496d955111c4,0
0xf0464b01d962f714eee9d4392b2494524d0e10ce3eb3723873afd1346b8b06e4,0
0xf08672202a25d9157b2695df1f2a3b84d85aa020b74f17321510961e6b3bdb0d,0
0xf0a13b445674094c455de9e947a25bade75cac9f5176695fca418898ea25742f,0
0xf0f975eb0c71d938fe852e77c01daf21e09b363205b607e40c12bebb7d23fe1b,0
0xf1068827ee51cb501218dc3d82fb04b5d2805e4e79a3f037c332352dccef27b7,0
0xf13d281d4aa95f1aca457bd17f2531581b0ce918c90905d65934c9e67f6ae0ec,1
0xf151fd0aa563b30a404b7e2cd8351aeb7b8a223161c4b67a7299c524bd515a89,0
0xf15e0d1ea3be72466fe2ed88af040e9727ca896f46acee55e0f6af59c54f83a,0
0xf1dce75753f10c51bc58ccd78d5b5099d09a22a2b03062ea3699c0785f6ce709,0
0xf21904d507a39b3660daedbadfbd1158b643728ed16f3039383a9d7bd5ecfe26,0
0xf2a0c957fef493af44f55b201fbc6d82db2e4a045c5c856bfe3d8cb80fa30c12,1
0xf3158a7ea59586c5570f5532c22e2582ee9adba2408eabe61622595197c50713,1
0xf3500db2995486e39b64641f62189218ef4855b34375bc9925b969d0cf37d77d,0
0xf477089602fefcfc1dbdce15834476267914d64a1e6a52f07d3f135f091e1d27,1
0xf4a3d0e01bbca6c114954d4a49503fc94dfdbc864bded5530b51a207640d86b5,1
0xf4ae22177c3abbb0f21defe51dd14eff68eb1b0c52ac4104186220138e8e5bb2,1
0xf4f254c3c6b64ded778b5af292c6ab6ed886c1bdd8988510bdc0ca0cf7f9857e,1
0xf57a9218cf3ce054c1770db0206594860663d33d8dceb122f037e47854db3cf2,0
0xf57f041cb6d8a10e11edab50b84e49b59ff834c7d114d1e049cedd654c36194d,1
0xf58b3601352e42bbc9087ef2bb859515e304c2b46eb7c7bccf33d41af2d4d45,0
0xf653d1d9c18bf0be78c5b7a2c58c9286bf02fd2b4c8d2106180929526b7fc151,0
0xf6cac5702534b37b0fac950e304176753b2a798ed08f25051bab3e4ab34c8976,0
0xf6ec3c22b718c3da17746416992bac7b65a4ef42ccf5b43cf0716c82bffc2844,1
0xf6edf58000445138c3e4353c17cf5cfff3dc37861593063d67d513412d4e50c8,0
0xf72f1d10fc6923f87279ce6c0aef46e372c6652a696f280b0465a301a92f2e26,1
0xf743dba906255cf6f75f8243ef8192f2a211aacf03df99322584686b5c445c23,1
0xf75233374809eabcada97a53c8ba972830a7e2302fd1b913f8500c8f8137042,0
0xf78a85eb32a193e3ed2e708803b57ea8ea22a7f25792851e3de2d7945e6d02d5,1
0xf7c21600452939a81b599017ee24ee0dfd92aaaccd0a55d02819a7658a6ef635,1
0xf84755ea648ea738f70a52bfa221722f56087b525c6698260f2c050cf7edb906,0
0xf8a4df2a98dc869fc7e301fd319e768db380a68291f59d407392cd332c1958ee,0
0xf8b067b51099b765a0d7169d092adb2858d3f31f3bd371d3c1c61b09081c90e9,0
0xf96328f283e2a2a0796c4c4e2cc0e3717b8b67e33d541c785fd0abce77e10807,0
0xf9a1333aa8b6375f7ff1c32c67877a72f8106b7fd418d4c6e7ff28cb49a5d8f1,0
0xf9baf8cee8973cf9700ae1b1f41c625d7a2abdbcbc222582d24a8f2f790d0b5a,1
0xfa1ece5381b9e2b2b83cb10faefde7632ca411bb38dd6bafe1f1140b1360f6ae,1
0xfa23fc1999c47b5de9b08919928e99bc92bad71f3b47cc153f1366d80a83cb60,0
0xfae5d4ca50a249ecf8bc0cb99bfadb0e86b4e32f541d13c4045ffc60225c6684,0
0xfaf84cabc3e1b0cf1ff1738dace1b2810f42d98baeea17b146ae032f0bdf82d5,1
0xfb153c572e304093023b4f9694ef39135b6ed5b2515453173e81ec02df2e2104,1
0xfc195373c7d61892ad1734b58d1e7a3f1a8c0e541bd57d19d082ee991673c18e,0
0xfc872bf5ca8f04b18b82041ec563e4abf2e31e1fc27d1ea5dee39bc8a79d2d06,1
0xfce147c79235ba28df60439a58e03020ddd7bd27bf26a57c52d376d7ed779b1c,0
0xfd30def124c1345606598ae4817ae184fc1918fc638111c6e71bc9752361fd87,1
0xfda5464e97043a2d0093cbed6d0a64f6a86049f5e9608c014396a7390188670e,1
0xfde10ad92566f369b23ed5135289630b7a6453887c77088794552c2a3d1ce8b7,1
0xfe031685d84f3bae1785f5b2bd0ed480b87815c3f23ce6ced73b8573b7e367c6,1
0xfe80df5d689137810df01e83b4bb51409f13c865e37b23059ecc6b3d32347136,1
0xfe8bc757d87e97a5471378c90d390df47e1b29bb9fca918b94acd8ecfaadc598,1
0xfeedbf51b4e2338e38171f6e19501327294ab1907ab44cfd2d7e7336c975ace7,1
0xfefd829e246002a8fd061eede7501bccb6e244a9aacea0ebceaecef5d877a984,0
0xff368294ccb3cd6e7e263526b5c820b22dea2b2fd8617119ba5c3ab8417403d8,1
0xff5515268d53df41d407036f547b206e288b226989da496fda367bfeb31c5b8b,1
0xff6eb90e3b88a5030bb6a92b073992fea651fd0556d41985b3c06994596bc449,0
0xffb4bd29825bdd41adf344028f759692021cbadc2d4cb5b587e68fd8285c5eb1,1
